,Player,From,To,Pos,Ht,Wt,Birth Date,Colleges,Years Played,Height(cm)
20,Jaylen Adams|adamsja01,2019,2021,G,6-0,225.0,May 4 1996,St. Bonaventure,2,182.88
23,Steven Adams|adamsst01,2014,2021,C,6-11,265.0,July 20 1993,Pitt,7,210.82
25,Bam Adebayo|adebaba01,2018,2021,C-F,6-9,255.0,July 18 1997,Kentucky,3,205.74
44,LaMarcus Aldridge|aldrila01,2007,2021,F-C,6-11,250.0,July 19 1985,Texas,14,210.82
54,Nickeil Alexander-Walker|alexani01,2020,2021,G,6-6,205.0,September 2 1998,Virginia Tech,1,198.12
59,Grayson Allen|allengr01,2019,2021,G,6-4,198.0,October 8 1995,Duke,2,193.04
60,Jarrett Allen|allenja01,2018,2021,C-F,6-11,243.0,April 21 1998,Texas,3,210.82
100,Kyle Anderson|anderky01,2015,2021,F-G,6-9,230.0,September 20 1993,UCLA,6,205.74
114,Giannis Antetokounmpo|antetgi01,2014,2021,F-G,6-11,242.0,December 6 1994,,7,210.82
115,Kostas Antetokounmpo|antetko01,2019,2021,F,6-10,200.0,November 20 1997,Dayton,2,208.28
116,Thanasis Antetokounmpo|antetth01,2016,2021,F,6-6,219.0,July 18 1992,,5,198.12
117,Carmelo Anthony|anthoca01,2004,2021,F,6-7,238.0,May 29 1984,Syracuse,17,200.66
122,OG Anunoby|anunoog01,2018,2021,F,6-7,232.0,July 17 1997,Indiana,3,200.66
128,Ryan Arcidiacono|arcidry01,2018,2021,G,6-3,195.0,March 26 1994,Villanova,3,190.5
157,D.J. Augustin|augusdj01,2009,2021,G,5-11,183.0,November 10 1987,Texas,12,180.34
169,Deandre Ayton|aytonde01,2019,2021,C,6-11,250.0,July 23 1998,Arizona,2,210.82
176,Dwayne Bacon|bacondw01,2018,2021,G,6-6,221.0,August 30 1995,Florida State,3,198.12
181,Marvin Bagley|baglema01,2019,2021,F,6-11,235.0,March 14 1999,Duke,2,210.82
198,Lonzo Ball|balllo01,2018,2021,G,6-6,190.0,October 27 1997,UCLA,3,198.12
201,Mohamed Bamba|bambamo01,2019,2021,C,7-0,231.0,May 12 1998,Texas,2,213.36
218,Harrison Barnes|barneha02,2013,2021,F,6-8,225.0,May 30 1992,UNC,8,203.2
235,RJ Barrett|barrerj01,2020,2021,G-F,6-6,214.0,June 14 2000,Duke,1,198.12
244,Will Barton|bartowi01,2013,2021,G,6-6,181.0,January 6 1991,Memphis,8,198.12
252,Keita Bates-Diop|bateske01,2019,2021,F,6-8,229.0,January 23 1996,Ohio State,2,203.2
261,Nicolas Batum|batumni01,2009,2021,F-G,6-8,230.0,December 14 1988,,12,203.2
268,Aron Baynes|baynear01,2013,2021,C,6-10,260.0,December 9 1986,Washington State,8,208.28
270,Kent Bazemore|bazemke01,2013,2021,G-F,6-4,195.0,July 1 1989,Old Dominion,8,193.04
271,Darius Bazley|bazleda01,2020,2021,F,6-8,208.0,June 12 2000,,1,203.2
273,Bradley Beal|bealbr01,2013,2021,G,6-3,207.0,June 28 1993,Florida,8,190.5
280,Malik Beasley|beaslma01,2017,2021,G,6-4,187.0,November 26 1996,Florida State,4,193.04
297,Jordan Bell|belljo01,2018,2021,F,6-8,216.0,January 7 1995,Oregon,3,203.2
302,DeAndre' Bembry|bembrde01,2017,2021,F,6-5,210.0,July 4 1994,Saint Joseph's,4,195.58
327,Dāvis Bertāns|bertada01,2017,2021,F,6-10,225.0,November 12 1992,,4,208.28
330,Patrick Beverley|beverpa01,2013,2021,G,6-1,180.0,July 12 1988,Arkansas,8,185.42000000000002
347,Khem Birch|birchkh01,2018,2021,C-F,6-9,233.0,September 28 1992,Pitt UNLV,3,205.74
353,Goga Bitadze|bitadgo01,2020,2021,C,6-11,250.0,July 20 1999,,1,210.82
354,Bismack Biyombo|biyombi01,2012,2021,C-F,6-8,255.0,August 28 1992,,9,203.2
355,Nemanja Bjelica|bjeline01,2016,2021,F,6-10,234.0,May 9 1988,,5,208.28
375,Eric Bledsoe|bledser01,2011,2021,G,6-1,214.0,December 9 1989,Kentucky,10,185.42000000000002
390,Bogdan Bogdanović|bogdabo01,2018,2021,G,6-6,220.0,August 18 1992,,3,198.12
391,Bojan Bogdanović|bogdabo02,2015,2021,G-F,6-8,226.0,April 18 1989,,6,203.2
395,Bol Bol|bolbo01,2020,2021,F-C,7-2,220.0,November 16 1999,Oregon,1,218.44
398,Marques Bolden|boldema01,2020,2021,C,6-10,249.0,April 17 1998,Duke,1,208.28
405,Jordan Bone|bonejo01,2020,2021,G,6-2,180.0,November 5 1997,Tennessee,1,187.96
407,Isaac Bonga|bongais01,2019,2021,G,6-8,180.0,November 8 1999,,2,203.2
412,Devin Booker|bookede01,2016,2021,G,6-5,206.0,October 30 1996,Kentucky,5,195.58
430,Chris Boucher|bouchch01,2018,2021,F,6-9,200.0,January 11 1993,Oregon,3,205.74
434,Brian Bowen|bowenbr02,2020,2021,F,6-6,190.0,October 2 1998,,1,198.12
457,Avery Bradley|bradlav01,2011,2021,G,6-3,180.0,November 26 1990,Texas,10,190.5
466,Tony Bradley|bradlto01,2018,2021,F-C,6-10,248.0,January 8 1998,UNC,3,208.28
477,Jarrell Brantley|brantja01,2020,2021,F,6-5,250.0,June 7 1996,College of Charleston,1,195.58
481,Ignas Brazdeikis|brazdig01,2020,2021,F,6-6,221.0,January 8 1999,Michigan,1,198.12
497,Mikal Bridges|bridgmi01,2019,2021,G,6-6,209.0,August 30 1996,Villanova,2,198.12
498,Miles Bridges|bridgmi02,2019,2021,G-F,6-6,225.0,March 21 1998,Michigan State,2,198.12
512,Malcolm Brogdon|brogdma01,2017,2021,G,6-5,229.0,December 11 1992,Virginia,4,195.58
517,Dillon Brooks|brookdi01,2018,2021,F-G,6-7,225.0,January 22 1996,Oregon,3,200.66
526,Bruce Brown|brownbr01,2019,2021,G,6-4,202.0,August 15 1996,Miami (FL),2,193.04
541,Jaylen Brown|brownja02,2017,2021,F-G,6-6,223.0,October 24 1996,California,4,198.12
552,Moses Brown|brownmo01,2020,2021,C,7-2,245.0,October 13 1999,UCLA,1,218.44
562,Sterling Brown|brownst02,2018,2021,G,6-5,219.0,February 10 1995,SMU,3,195.58
565,Troy Brown|browntr01,2019,2021,G-F,6-6,215.0,July 28 1999,Oregon,2,198.12
570,Jalen Brunson|brunsja01,2019,2021,G,6-1,190.0,August 31 1996,Villanova,2,185.42000000000002
577,Thomas Bryant|bryanth01,2018,2021,C,6-10,248.0,July 31 1997,Indiana,3,208.28
592,Reggie Bullock|bullore01,2014,2021,G-F,6-6,205.0,March 16 1991,UNC,7,198.12
600,Trey Burke|burketr01,2014,2021,G,6-0,185.0,November 12 1992,Michigan,7,182.88
602,Alec Burks|burksal01,2012,2021,G,6-6,214.0,July 20 1991,Colorado,9,198.12
625,Jimmy Butler|butleji01,2012,2021,F-G,6-7,230.0,September 14 1989,Marquette,9,200.66
639,Bruno Caboclo|cabocbr01,2015,2021,F-C,6-9,218.0,September 21 1995,,6,205.74
649,Kentavious Caldwell-Pope|caldwke01,2014,2021,G,6-5,204.0,February 18 1993,Georgia,7,195.58
663,Vlatko Čančar|cancavl01,2020,2021,F,6-8,236.0,April 10 1997,,1,203.2
665,Clint Capela|capelca01,2015,2021,C,6-10,240.0,May 18 1994,,6,208.28
698,Jevon Carter|carteje01,2019,2021,G,6-1,200.0,September 14 1995,West Virginia,2,185.42000000000002
703,Wendell Carter|cartewe01,2019,2021,C,6-10,270.0,April 16 1999,Duke,2,208.28
704,Michael Carter-Williams|cartemi01,2014,2021,G,6-5,190.0,October 10 1991,Syracuse,7,195.58
707,Alex Caruso|carusal01,2018,2021,G,6-4,186.0,February 28 1994,Texas A&M,3,193.04
717,Willie Cauley-Stein|caulewi01,2016,2021,F-C,7-0,240.0,August 18 1993,Kentucky,5,213.36
752,Chris Chiozza|chiozch01,2019,2021,G,5-11,175.0,November 21 1995,Florida,2,180.34
755,Marquese Chriss|chrisma01,2017,2021,F,6-9,240.0,July 2 1997,Washington,4,205.74
769,Gary Clark|clarkga01,2019,2021,F,6-6,225.0,November 16 1994,Cincinnati,2,198.12
773,Brandon Clarke|clarkbr01,2020,2021,F,6-8,215.0,September 19 1996,San Jose State Gonzaga,1,203.2
775,Jordan Clarkson|clarkjo01,2015,2021,G,6-4,194.0,June 7 1992,Tulsa Missouri,6,193.04
793,Amir Coffey|coffeam01,2020,2021,G,6-7,210.0,June 17 1997,Minnesota,1,200.66
812,John Collins|collijo01,2018,2021,F,6-9,235.0,September 23 1997,Wake Forest,3,205.74
831,Mike Conley|conlemi01,2008,2021,G,6-1,175.0,October 11 1987,Ohio State,13,185.42000000000002
834,Pat Connaughton|connapa01,2016,2021,G,6-5,209.0,January 6 1993,Notre Dame,5,195.58
848,Quinn Cook|cookqu01,2017,2021,G,6-1,180.0,March 23 1993,Duke,4,185.42000000000002
878,DeMarcus Cousins|couside01,2011,2021,C-F,6-10,270.0,August 13 1990,Kentucky,10,208.28
880,Robert Covington|covinro01,2014,2021,F-C,6-7,209.0,December 14 1990,Tennessee State,7,200.66
886,Torrey Craig|craigto01,2018,2021,G-F,6-7,221.0,December 19 1990,USC Upstate,3,200.66
914,Jae Crowder|crowdja01,2013,2021,F,6-6,235.0,July 6 1990,Marquette,8,198.12
916,Jarrett Culver|culveja01,2020,2021,G,6-6,195.0,February 20 1999,Texas Tech,1,198.12
934,Seth Curry|curryse01,2014,2021,G,6-2,185.0,August 23 1990,Liberty Duke,7,187.96
935,Stephen Curry|curryst01,2010,2021,G,6-3,185.0,March 14 1988,Davidson,11,190.5
968,Anthony Davis|davisan02,2013,2021,F-C,6-10,253.0,March 11 1993,Kentucky,8,208.28
982,Ed Davis|davised01,2011,2021,F,6-9,218.0,June 5 1989,UNC,10,205.74
1003,Terence Davis|daviste02,2020,2021,G,6-4,201.0,May 16 1997,Ole Miss,1,193.04
1027,DeMar DeRozan|derozde01,2010,2021,G-F,6-6,220.0,August 7 1989,USC,11,198.12
1058,Donte DiVincenzo|divindo01,2019,2021,G,6-4,203.0,January 31 1997,Villanova,2,193.04
1061,Hamidou Diallo|diallha01,2019,2021,G,6-5,202.0,July 31 1998,Kentucky,2,195.58
1074,Gorgui Dieng|dienggo01,2014,2021,C,6-10,252.0,January 18 1990,Louisville,7,208.28
1086,Spencer Dinwiddie|dinwisp01,2015,2021,G,6-5,215.0,April 6 1993,Colorado,6,195.58
1098,Luka Dončić|doncilu01,2019,2021,G-F,6-7,230.0,February 28 1999,,2,200.66
1108,Luguentz Dort|dortlu01,2020,2021,G,6-3,215.0,April 19 1999,Arizona State,1,190.5
1109,Damyean Dotson|dotsoda01,2018,2021,G,6-5,210.0,May 6 1994,Oregon Houston,3,195.58
1118,Sekou Doumbouya|doumbse01,2020,2021,F,6-8,230.0,December 23 2000,,1,203.2
1126,PJ Dozier|doziepj01,2018,2021,G,6-6,205.0,October 25 1996,South Carolina,3,198.12
1128,Goran Dragić|dragigo01,2009,2021,G,6-3,190.0,May 6 1986,,12,190.5
1140,Andre Drummond|drumman01,2013,2021,C,6-10,279.0,August 10 1993,UConn,8,208.28
1146,Jared Dudley|dudleja01,2008,2021,F-G,6-6,237.0,July 10 1985,Boston College,13,198.12
1165,Kevin Durant|duranke01,2008,2021,F-G,6-10,240.0,September 29 1988,Texas,13,208.28
1200,Carsen Edwards|edwarca01,2020,2021,G,5-11,200.0,March 12 1998,Purdue,1,180.34
1223,Wayne Ellington|ellinwa01,2010,2021,G,6-4,207.0,November 29 1987,UNC,11,193.04
1240,Joel Embiid|embiijo01,2017,2021,C,7-0,280.0,March 16 1994,Kansas,4,213.36
1253,James Ennis|ennisja01,2015,2021,F,6-6,215.0,July 1 1990,Cal State Long Beach,6,198.12
1263,Drew Eubanks|eubandr01,2019,2021,F,6-9,245.0,February 1 1997,Oregon State,2,205.74
1278,Dante Exum|exumda01,2015,2021,G,6-5,214.0,July 13 1995,,6,195.58
1284,Tacko Fall|fallta01,2020,2021,C,7-5,311.0,December 10 1995,Central Florida,1,226.06
1295,Derrick Favors|favorde01,2011,2021,F-C,6-8,265.0,July 15 1991,Georgia Tech,10,203.2
1305,Cristiano Felício|feliccr01,2016,2021,F-C,6-11,270.0,July 7 1992,,5,210.82
1313,Terrance Ferguson|fergute01,2018,2021,G-F,6-6,190.0,May 17 1998,,3,198.12
1315,Bruno Fernando|fernabr01,2020,2021,F,6-9,240.0,August 15 1998,Maryland,1,205.74
1320,Yogi Ferrell|ferreyo01,2017,2021,G,6-0,178.0,May 9 1993,Indiana,4,182.88
1334,Dorian Finney-Smith|finnedo01,2017,2021,F,6-7,220.0,May 4 1993,Florida,4,200.66
1357,Bryn Forbes|forbebr01,2017,2021,G,6-2,205.0,July 23 1993,Michigan State,4,187.96
1381,Evan Fournier|fournev01,2013,2021,G-F,6-7,205.0,October 29 1992,,8,200.66
1386,De'Aaron Fox|foxde01,2018,2021,G,6-3,185.0,December 20 1997,Kentucky,3,190.5
1401,Tim Frazier|fraziti01,2015,2021,G,6-0,170.0,November 1 1990,Penn State,6,182.88
1425,Markelle Fultz|fultzma01,2018,2021,G,6-3,209.0,May 29 1998,Washington,3,190.5
1431,Daniel Gafford|gaffoda01,2020,2021,F,6-10,234.0,October 1 1998,Arkansas,1,208.28
1443,Danilo Gallinari|gallida01,2009,2021,F,6-10,233.0,August 8 1988,,12,208.28
1444,Langston Galloway|gallola01,2015,2021,G,6-1,200.0,December 9 1991,Saint Joseph's,6,185.42000000000002
1459,Darius Garland|garlada01,2020,2021,G,6-1,192.0,January 26 2000,Vanderbilt,1,185.42000000000002
1479,Marc Gasol|gasolma01,2009,2021,C,6-11,255.0,January 29 1985,,12,210.82
1484,Rudy Gay|gayru01,2007,2021,F,6-8,250.0,August 17 1986,UConn,14,203.2
1494,Paul George|georgpa01,2011,2021,F,6-8,220.0,May 2 1990,Fresno State,10,203.2
1512,Harry Giles|gilesha01,2019,2021,F-C,6-11,240.0,April 22 1998,Duke,2,210.82
1513,Shai Gilgeous-Alexander|gilgesh01,2019,2021,G,6-6,180.0,July 12 1998,Kentucky,2,198.12
1537,Rudy Gobert|goberru01,2014,2021,C,7-0,258.0,June 26 1992,,7,213.36
1549,Brandon Goodwin|goodwbr01,2019,2021,G,6-0,180.0,October 2 1995,Central Florida Florida Gulf Coast,2,182.88
1551,Aaron Gordon|gordoaa01,2015,2021,F,6-8,235.0,September 16 1995,Arizona,6,203.2
1554,Eric Gordon|gordoer01,2009,2021,G-F,6-3,215.0,December 25 1988,Indiana,12,190.5
1565,Devonte' Graham|grahade01,2019,2021,G,6-1,195.0,February 22 1995,Kansas,2,185.42000000000002
1583,Jerami Grant|grantje01,2015,2021,F,6-8,210.0,March 12 1994,Syracuse,6,203.2
1604,Danny Green|greenda02,2010,2021,G-F,6-6,215.0,June 22 1987,UNC,11,198.12
1606,Draymond Green|greendr01,2013,2021,F,6-6,230.0,March 4 1990,Michigan State,8,198.12
1609,JaMychal Green|greenja01,2015,2021,F,6-8,227.0,June 21 1990,Alabama,6,203.2
1610,Javonte Green|greenja02,2020,2021,F,6-4,205.0,July 23 1993,Radford,1,193.04
1611,Jeff Green|greenje02,2008,2021,F,6-8,235.0,August 28 1986,Georgetown,13,203.2
1641,Blake Griffin|griffbl01,2011,2021,F,6-9,250.0,March 16 1989,Oklahoma,10,205.74
1671,Kyle Guy|guyky01,2020,2021,G,6-1,167.0,August 11 1997,Virginia,1,185.42000000000002
1673,Rui Hachimura|hachiru01,2020,2021,F,6-8,230.0,February 8 1998,Gonzaga,1,203.2
1741,Tim Hardaway|hardati02,2014,2021,G,6-5,205.0,March 16 1992,Michigan,7,195.58
1742,James Harden|hardeja01,2010,2021,G,6-5,220.0,August 26 1989,Arizona State,11,195.58
1750,Maurice Harkless|harklma01,2013,2021,F-G,6-7,220.0,May 11 1993,St. John's,8,200.66
1755,Jared Harper|harpeja01,2020,2021,G,5-10,175.0,September 14 1997,Auburn,1,177.8
1760,Montrezl Harrell|harremo01,2016,2021,F-C,6-7,240.0,January 26 1994,Louisville,5,200.66
1773,Gary Harris|harriga01,2015,2021,G,6-4,210.0,September 14 1994,Michigan State,6,193.04
1775,Joe Harris|harrijo01,2015,2021,G,6-6,220.0,September 6 1991,Virginia,6,198.12
1781,Tobias Harris|harrito02,2012,2021,F,6-8,226.0,July 15 1992,Tennessee,9,203.2
1787,Shaquille Harrison|harrish01,2018,2021,G,6-7,190.0,October 6 1993,Tulsa,3,200.66
1789,Josh Hart|hartjo01,2018,2021,G,6-5,215.0,March 6 1995,Villanova,3,195.58
1790,Isaiah Hartenstein|harteis01,2019,2021,F,7-0,250.0,May 5 1998,,2,213.36
1816,Jaxson Hayes|hayesja02,2020,2021,F,6-11,220.0,May 23 2000,Texas,1,210.82
1821,Gordon Hayward|haywago01,2011,2021,F-G,6-7,225.0,March 23 1990,Butler,10,200.66
1862,Juan Hernangómez|hernaju01,2017,2021,F,6-9,214.0,September 28 1995,,4,205.74
1863,Willy Hernangómez|hernawi01,2017,2021,C,6-11,250.0,May 27 1994,,4,210.82
1867,Tyler Herro|herroty01,2020,2021,G,6-5,195.0,January 20 2000,Kentucky,1,195.58
1882,Buddy Hield|hieldbu01,2017,2021,G,6-4,220.0,December 17 1992,Oklahoma,4,193.04
1897,George Hill|hillge01,2009,2021,G,6-4,188.0,May 4 1986,IUPUI,12,193.04
1901,Solomon Hill|hillso01,2014,2021,F,6-6,226.0,March 18 1991,Arizona,7,198.12
1926,Aaron Holiday|holidaa01,2019,2021,G,6-0,185.0,September 30 1996,UCLA,2,182.88
1927,Jrue Holiday|holidjr01,2010,2021,G,6-3,205.0,June 12 1990,UCLA,11,190.5
1928,Justin Holiday|holidju01,2013,2021,F,6-6,180.0,April 5 1989,Washington,8,198.12
1938,Richaun Holmes|holmeri01,2016,2021,F-C,6-10,235.0,October 15 1993,Bowling Green,5,208.28
1948,Rodney Hood|hoodro01,2015,2021,G-F,6-8,208.0,October 20 1992,Mississippi State Duke,6,203.2
1958,Al Horford|horfoal01,2008,2021,C-F,6-9,240.0,June 3 1986,Florida,13,205.74
1965,Talen Horton-Tucker|hortota01,2020,2021,G-F,6-4,234.0,November 25 2000,Iowa State,1,193.04
1968,Danuel House|houseda01,2017,2021,G,6-6,220.0,June 7 1993,Texas A&M,4,198.12
1974,Dwight Howard|howardw01,2005,2021,C,6-10,265.0,December 8 1985,,16,208.28
1990,Kevin Huerter|huertke01,2019,2021,G,6-7,190.0,August 27 1998,Maryland,2,200.66
2009,De'Andre Hunter|huntede01,2020,2021,F,6-8,225.0,December 2 1997,Virginia,1,203.2
2021,Chandler Hutchison|hutchch01,2019,2021,G,6-6,210.0,April 26 1996,Boise State,2,198.12
2025,Serge Ibaka|ibakase01,2010,2021,F-C,6-10,235.0,September 18 1989,,11,208.28
2026,Andre Iguodala|iguodan01,2005,2021,G-F,6-6,215.0,January 28 1984,Arizona,16,198.12
2033,Joe Ingles|inglejo01,2015,2021,F-G,6-7,220.0,October 2 1987,,6,200.66
2036,Brandon Ingram|ingrabr01,2017,2021,F,6-8,190.0,September 2 1997,Duke,4,203.2
2041,Kyrie Irving|irvinky01,2012,2021,G,6-2,195.0,March 23 1992,Duke,9,187.96
2049,Wesley Iwundu|iwundwe01,2018,2021,F,6-6,195.0,December 20 1994,Kansas State,3,198.12
2058,Frank Jackson|jacksfr01,2019,2021,G,6-3,205.0,May 4 1998,Duke,2,190.5
2064,Josh Jackson|jacksjo02,2018,2021,F-G,6-8,207.0,February 10 1997,Kansas,3,203.2
2065,Justin Jackson|jacksju01,2018,2021,G-F,6-8,220.0,March 28 1995,UNC,3,203.2
2078,Reggie Jackson|jacksre01,2012,2021,G,6-2,208.0,April 16 1990,Boston College,9,187.96
2096,Justin James|jamesju01,2020,2021,G,6-7,190.0,January 24 1997,Wyoming,1,200.66
2097,LeBron James|jamesle01,2004,2021,F-G,6-9,250.0,December 30 1984,,17,205.74
2147,Cameron Johnson|johnsca02,2020,2021,F,6-8,210.0,March 3 1996,Pitt UNC,1,203.2
2174,James Johnson|johnsja01,2010,2021,F,6-7,240.0,February 20 1987,Wake Forest,11,200.66
2178,Keldon Johnson|johnske04,2020,2021,G,6-5,220.0,October 11 1999,Kentucky,1,195.58
2198,Stanley Johnson|johnsst04,2016,2021,F,6-6,242.0,May 29 1996,Arizona,5,198.12
2203,Tyler Johnson|johnsty01,2015,2021,G,6-3,186.0,May 7 1992,Fresno State,6,190.5
2210,Nikola Jokić|jokicni01,2016,2021,C-F,6-11,284.0,February 19 1995,,5,210.82
2224,Damian Jones|jonesda03,2017,2021,F-C,6-11,245.0,June 30 1995,Vanderbilt,4,210.82
2227,Derrick Jones|jonesde02,2017,2021,F,6-5,210.0,February 15 1997,UNLV,4,195.58
2263,Tyus Jones|jonesty01,2016,2021,G,6-0,196.0,May 10 1996,Duke,5,182.88
2270,DeAndre Jordan|jordade01,2009,2021,C,6-11,265.0,July 21 1988,Texas A&M,12,210.82
2281,Cory Joseph|josepco01,2012,2021,G,6-3,200.0,August 20 1991,Texas,9,190.5
2288,Mfiondu Kabengele|kabenmf01,2020,2021,F,6-9,250.0,August 14 1997,Florida State,1,205.74
2293,Frank Kaminsky|kaminfr01,2016,2021,F-C,7-0,240.0,April 4 1993,Wisconsin,5,213.36
2294,Enes Kanter|kanteen01,2012,2021,C,6-10,250.0,May 20 1992,,9,208.28
2326,Luke Kennard|kennalu01,2018,2021,G,6-5,206.0,June 24 1996,Duke,3,195.58
2386,Maxi Kleber|klebima01,2018,2021,F,6-10,240.0,January 29 1992,,3,208.28
2406,Kevin Knox|knoxke01,2019,2021,F,6-7,215.0,August 11 1999,Kentucky,2,200.66
2412,John Konchar|konchjo01,2020,2021,G,6-5,210.0,March 22 1996,Purdue-Fort Wayne,1,195.58
2416,Furkan Korkmaz|korkmfu01,2018,2021,G,6-7,202.0,July 24 1997,,3,200.66
2418,Luke Kornet|kornelu01,2018,2021,F,7-2,250.0,July 15 1995,Vanderbilt,3,218.44
2452,Rodions Kurucs|kurucro01,2019,2021,F,6-9,228.0,February 5 1998,,2,205.74
2455,Kyle Kuzma|kuzmaky01,2018,2021,F,6-10,221.0,July 24 1995,Utah,3,208.28
2463,Zach LaVine|lavinza01,2015,2021,G,6-5,200.0,March 10 1995,UCLA,6,195.58
2476,Jeremy Lamb|lambje01,2013,2021,G-F,6-5,180.0,May 30 1992,UConn,8,195.58
2514,Jake Layman|laymaja01,2017,2021,F,6-8,209.0,March 7 1994,Maryland,4,203.2
2516,Caris LeVert|leverca01,2017,2021,G-F,6-6,205.0,August 25 1994,Michigan,4,198.12
2523,Jalen Lecque|lecquja01,2020,2021,G,6-4,185.0,June 13 2000,,1,193.04
2528,Damion Lee|leeda03,2018,2021,G,6-5,210.0,October 21 1992,Drexel Louisville,3,195.58
2547,Alex Len|lenal01,2014,2021,C,7-0,250.0,June 16 1993,Maryland,7,213.36
2551,Kawhi Leonard|leonaka01,2012,2021,F,6-7,225.0,June 29 1991,San Diego State,9,200.66
2552,Meyers Leonard|leoname01,2013,2021,C-F,7-0,260.0,February 27 1992,Illinois,8,213.36
2580,Damian Lillard|lillada01,2013,2021,G,6-2,195.0,July 15 1990,Weber State,8,187.96
2584,Nassir Little|littlna01,2020,2021,F,6-5,220.0,February 11 2000,UNC,1,195.58
2614,Kevon Looney|looneke01,2016,2021,F-C,6-9,222.0,February 6 1996,UCLA,5,205.74
2615,Brook Lopez|lopezbr01,2009,2021,C,7-0,282.0,April 1 1988,Stanford,12,213.36
2618,Robin Lopez|lopezro01,2009,2021,C,7-0,281.0,April 1 1988,Stanford,12,213.36
2624,Kevin Love|loveke01,2009,2021,F,6-8,251.0,September 7 1988,UCLA,12,203.2
2629,Kyle Lowry|lowryky01,2007,2021,G,6-0,196.0,March 25 1986,Villanova,14,182.88
2643,Timothé Luwawu-Cabarrot|luwawti01,2017,2021,F,6-7,220.0,May 9 1995,,4,200.66
2645,Trey Lyles|lylestr01,2016,2021,F,6-9,234.0,November 5 1995,Kentucky,5,205.74
2687,Thon Maker|makerth01,2017,2021,F-C,7-0,221.0,February 25 1997,,4,213.36
2700,Terance Mann|mannte01,2020,2021,G-F,6-5,215.0,October 18 1996,Florida State,1,195.58
2717,Boban Marjanović|marjabo01,2016,2021,C,7-4,290.0,August 15 1988,,5,223.52
2718,Lauri Markkanen|markkla01,2018,2021,F-C,7-0,240.0,May 22 1997,Arizona,3,213.36
2734,Caleb Martin|martica02,2020,2021,F,6-5,205.0,September 28 1995,NC State Nevada,1,195.58
2736,Cody Martin|martico01,2020,2021,G-F,6-5,205.0,September 28 1995,NC State Nevada,1,195.58
2745,Kelan Martin|martike03,2020,2021,F,6-5,230.0,August 3 1995,Butler,1,195.58
2763,Garrison Mathews|mathega01,2020,2021,G,6-5,215.0,October 24 1996,Lipscomb,1,195.58
2768,Wesley Matthews|matthwe02,2010,2021,G,6-4,220.0,October 14 1986,Marquette,11,193.04
2812,CJ McCollum|mccolcj01,2014,2021,G,6-3,190.0,September 19 1991,Lehigh,7,190.5
2815,T.J. McConnell|mccontj01,2016,2021,G,6-1,190.0,March 25 1992,Duquesne Arizona,5,185.42000000000002
2829,Jalen McDaniels|mcdanja01,2020,2021,F,6-9,205.0,January 31 1998,San Diego State,1,205.74
2832,Doug McDermott|mcderdo01,2015,2021,F,6-7,225.0,January 3 1992,Creighton,6,200.66
2845,JaVale McGee|mcgeeja01,2009,2021,C,7-0,270.0,January 19 1988,Nevada,12,213.36
2853,Rodney McGruder|mcgruro01,2017,2021,G,6-4,205.0,July 29 1991,Kansas State,4,193.04
2874,Alfonzo McKinnie|mckinal01,2018,2021,F,6-7,215.0,September 17 1992,Green Bay,3,200.66
2875,Jordan McLaughlin|mclaujo01,2020,2021,G,5-11,185.0,April 9 1996,USC,1,180.34
2876,Ben McLemore|mclembe01,2014,2021,G,6-3,195.0,February 11 1993,Kansas,7,190.5
2915,Nicolò Melli|mellini01,2020,2021,F,6-9,236.0,January 26 1991,,1,205.74
2917,De'Anthony Melton|meltode01,2019,2021,G,6-2,200.0,May 28 1998,USC,2,187.96
2930,Chimezie Metu|metuch01,2019,2021,F,6-9,225.0,March 22 1997,USC,2,205.74
2937,Khris Middleton|middlkh01,2013,2021,F-G,6-7,222.0,August 12 1991,Texas A&M,8,200.66
2958,Darius Miller|milleda01,2013,2021,F,6-6,225.0,March 21 1990,Kentucky,8,198.12
2972,Patty Mills|millspa02,2010,2021,G,6-1,180.0,August 11 1988,Saint Mary's,11,185.42000000000002
2975,Paul Millsap|millspa01,2007,2021,F,6-7,257.0,February 10 1985,Louisiana Tech,14,200.66
2976,Shake Milton|miltosh01,2019,2021,G,6-5,205.0,September 26 1996,SMU,2,195.58
2986,Donovan Mitchell|mitchdo01,2018,2021,G,6-0,215.0,September 7 1996,Louisville,3,182.88
3005,Adam Mokoka|mokokad01,2020,2021,G,6-4,190.0,July 18 1998,,1,193.04
3011,Malik Monk|monkma01,2018,2021,G,6-3,200.0,February 4 1998,Kentucky,3,190.5
3023,E'Twaun Moore|mooreet01,2012,2021,G-F,6-3,191.0,February 25 1989,Purdue,9,190.5
3034,Ja Morant|moranja01,2020,2021,G,6-3,174.0,August 10 1999,Murray State,1,190.5
3038,Juwan Morgan|morgaju01,2020,2021,F,6-7,232.0,April 17 1997,Indiana,1,200.66
3046,Marcus Morris|morrima03,2012,2021,F,6-8,218.0,September 2 1989,Kansas,9,203.2
3047,Markieff Morris|morrima02,2012,2021,F,6-9,245.0,September 2 1989,Kansas,9,205.74
3049,Monte Morris|morrimo01,2018,2021,G,6-2,183.0,June 27 1995,Iowa State,3,187.96
3074,Mychal Mulder|muldemy01,2020,2021,G-F,6-3,184.0,June 12 1994,Vincennes Kentucky,1,190.5
3096,Dejounte Murray|murrade01,2017,2021,G,6-4,180.0,September 19 1996,Washington,4,193.04
3097,Jamal Murray|murraja01,2017,2021,G,6-3,215.0,February 23 1997,Kentucky,4,190.5
3106,Mike Muscala|muscami01,2014,2021,F-C,6-10,240.0,July 1 1991,Bucknell,7,208.28
3112,Sviatoslav Mykhailiuk|mykhasv01,2019,2021,G-F,6-7,205.0,June 10 1997,Kansas,2,200.66
3120,Abdel Nader|naderab01,2018,2021,F,6-5,225.0,September 25 1993,Northern Illinois Iowa State,3,195.58
3126,Larry Nance|nancela02,2016,2021,F-C,6-7,245.0,January 1 1993,Wyoming,5,200.66
3158,Raul Neto|netora01,2016,2021,G,6-1,180.0,May 19 1992,,5,185.42000000000002
3171,Georges Niang|niangge01,2017,2021,F,6-7,230.0,June 17 1993,Iowa State,4,200.66
3188,Nerlens Noel|noelne01,2015,2021,C-F,6-11,220.0,April 10 1994,Kentucky,6,210.82
3207,Jaylen Nowell|nowelja01,2020,2021,G,6-4,201.0,July 9 1999,Washington,1,193.04
3210,Frank Ntilikina|ntilila01,2018,2021,G,6-4,200.0,July 28 1998,,3,193.04
3211,Kendrick Nunn|nunnke01,2020,2021,G,6-2,190.0,August 3 1995,Illinois Oakland,1,187.96
3213,Jusuf Nurkić|nurkiju01,2015,2021,C,6-11,290.0,August 23 1994,,6,210.82
3215,David Nwaba|nwabada01,2017,2021,G,6-5,219.0,January 14 1993,Cal Poly,4,195.58
3238,Royce O'Neale|onealro01,2018,2021,F,6-4,226.0,June 5 1993,Denver Baylor,3,193.04
3254,Semi Ojeleye|ojelese01,2018,2021,F,6-6,240.0,December 5 1994,Duke SMU,3,198.12
3256,Jahlil Okafor|okafoja01,2016,2021,C-F,6-10,270.0,December 15 1995,Duke,5,208.28
3259,Josh Okogie|okogijo01,2019,2021,G,6-4,213.0,September 1 1998,Georgia Tech,2,193.04
3262,KZ Okpala|okpalkz01,2020,2021,F,6-8,215.0,April 28 1999,Stanford,1,203.2
3264,Victor Oladipo|oladivi01,2014,2021,G,6-4,213.0,May 4 1992,Indiana,7,193.04
3278,Kelly Olynyk|olynyke01,2014,2021,C-F,6-11,240.0,April 19 1991,Gonzaga,7,210.82
3279,Miye Oni|onimi01,2020,2021,G,6-5,206.0,August 4 1997,Yale,1,195.58
3288,Cedi Osman|osmande01,2018,2021,F,6-7,230.0,April 8 1995,,3,200.66
3295,Kelly Oubre|oubreke01,2016,2021,F,6-7,203.0,December 9 1995,Kansas,5,200.66
3349,Eric Paschall|pascher01,2020,2021,F,6-6,255.0,November 4 1996,Fordham Villanova,1,198.12
3350,Anžejs Pasečņiks|pasecan01,2020,2021,C,7-1,229.0,December 20 1995,,1,215.9
3359,Patrick Patterson|pattepa01,2011,2021,F,6-8,235.0,March 14 1989,Kentucky,10,203.2
3366,Chris Paul|paulch01,2006,2021,G,6-0,175.0,May 6 1985,Wake Forest,15,182.88
3376,Cameron Payne|payneca01,2016,2021,G,6-1,183.0,August 8 1994,Murray State,5,185.42000000000002
3379,Elfrid Payton|paytoel01,2015,2021,G,6-3,195.0,February 22 1994,Louisiana,6,190.5
3446,Theo Pinson|pinsoth01,2019,2021,G,6-5,212.0,November 5 1995,UNC,2,195.58
3455,Mason Plumlee|plumlma01,2014,2021,C-F,6-11,254.0,March 5 1990,Duke,7,210.82
3459,Jakob Poeltl|poeltja01,2017,2021,C,7-1,245.0,October 15 1995,Utah,4,215.9
3460,Vincent Poirier|poirivi01,2020,2021,C,7-0,235.0,October 17 1993,,1,213.36
3470,Jordan Poole|poolejo01,2020,2021,G,6-4,194.0,June 19 1999,Michigan,1,193.04
3479,Michael Porter|portemi01,2020,2021,F,6-10,218.0,June 29 1998,Missouri,1,208.28
3480,Otto Porter|porteot01,2014,2021,F,6-8,198.0,June 3 1993,Georgetown,7,203.2
3483,Bobby Portis|portibo01,2016,2021,F,6-10,250.0,February 10 1995,Arkansas,5,208.28
3485,Kristaps Porziņģis|porzikr01,2016,2021,F-C,7-3,240.0,August 2 1995,,5,220.98
3492,Dwight Powell|poweldw01,2015,2021,F-C,6-10,240.0,July 20 1991,Stanford,6,208.28
3495,Norman Powell|powelno01,2016,2021,G,6-3,215.0,May 25 1993,UCLA,5,190.5
3514,Taurean Prince|princta02,2017,2021,F,6-7,218.0,March 22 1994,Baylor,4,200.66
3558,Julius Randle|randlju01,2015,2021,F-C,6-8,250.0,November 29 1994,Kentucky,6,203.2
3587,Cam Reddish|reddica01,2020,2021,F,6-8,218.0,September 1 1999,Duke,1,203.2
3589,J.J. Redick|redicjj01,2007,2021,G,6-3,200.0,June 24 1984,Duke,14,190.5
3606,Naz Reid|reidna01,2020,2021,F,6-9,264.0,August 26 1999,LSU,1,205.74
3631,Josh Richardson|richajo01,2016,2021,G,6-5,200.0,September 15 1993,Tennessee,5,195.58
3657,Austin Rivers|riverau01,2013,2021,G,6-4,200.0,August 1 1992,Duke,8,193.04
3685,Duncan Robinson|robindu01,2019,2021,G-F,6-7,215.0,April 22 1994,Williams Michigan,2,200.66
3689,Glenn Robinson|robingl02,2015,2021,G-F,6-6,222.0,January 8 1994,Michigan,6,198.12
3693,Jerome Robinson|robinje01,2019,2021,G,6-4,190.0,February 22 1997,Boston College,2,193.04
3696,Mitchell Robinson|robinmi01,2019,2021,C,7-0,240.0,April 1 1998,Western Kentucky,2,213.36
3708,Isaiah Roby|robyis01,2020,2021,F,6-8,230.0,February 3 1998,Nebraska,1,203.2
3730,Rajon Rondo|rondora01,2007,2021,G,6-1,180.0,February 22 1986,Kentucky,14,185.42000000000002
3733,Derrick Rose|rosede01,2009,2021,G,6-2,200.0,October 4 1988,Memphis,12,187.96
3742,Terrence Ross|rosste01,2013,2021,F-G,6-6,206.0,February 5 1991,Washington,8,198.12
3759,Terry Rozier|roziete01,2016,2021,G,6-1,190.0,March 17 1994,Louisville,5,185.42000000000002
3760,Ricky Rubio|rubiori01,2012,2021,G,6-3,190.0,October 21 1990,,9,190.5
3780,D'Angelo Russell|russeda01,2016,2021,G,6-4,193.0,February 23 1996,Ohio State,5,193.04
3787,Domantas Sabonis|sabondo01,2017,2021,F-C,6-11,240.0,May 3 1996,Gonzaga,4,210.82
3796,Luka Šamanić|samanlu01,2020,2021,F,6-10,227.0,January 9 2000,,1,208.28
3799,JaKarr Sampson|sampsja02,2015,2021,G-F,6-7,214.0,March 20 1993,St. John's,6,200.66
3815,Dario Šarić|saricda01,2017,2021,F,6-10,225.0,April 8 1994,,4,208.28
3818,Tomáš Satoranský|satorto01,2017,2021,G,6-7,210.0,October 30 1991,,4,200.66
3855,Dennis Schröder|schrode01,2014,2021,G,6-3,172.0,September 15 1993,,7,190.5
3868,Mike Scott|scottmi01,2013,2021,F,6-7,237.0,July 16 1988,Virginia,8,200.66
3898,Collin Sexton|sextoco01,2019,2021,G,6-1,190.0,January 4 1999,Alabama,2,185.42000000000002
3906,Landry Shamet|shamela01,2019,2021,G,6-4,190.0,March 13 1997,Wichita State,2,193.04
3937,Pascal Siakam|siakapa01,2017,2021,F,6-9,230.0,April 2 1994,New Mexico State,4,205.74
3951,Chris Silva|silvach01,2020,2021,F,6-8,234.0,September 19 1996,South Carolina,1,203.2
3953,Ben Simmons|simmobe01,2018,2021,G-F,6-11,240.0,July 20 1996,LSU,3,210.82
3964,Anfernee Simons|simonan01,2019,2021,G,6-3,181.0,June 8 1999,,2,190.5
3998,Marcus Smart|smartma01,2015,2021,G,6-3,220.0,March 6 1994,Oklahoma State,6,190.5
4014,Dennis Smith|smithde03,2018,2021,G,6-2,205.0,November 25 1997,NC State,3,187.96
4025,Ish Smith|smithis01,2011,2021,G,6-0,175.0,July 5 1988,Wake Forest,10,182.88
4065,Tony Snell|snellto01,2014,2021,G-F,6-6,213.0,November 10 1991,New Mexico,7,198.12
4172,Max Strus|strusma01,2020,2021,G,6-5,215.0,March 28 1996,Lewis (IL) DePaul,1,195.58
4179,Edmond Sumner|sumneed01,2018,2021,G,6-4,196.0,December 31 1995,Xavier,3,193.04
4214,Jayson Tatum|tatumja01,2018,2021,F,6-8,210.0,March 3 1998,Duke,3,203.2
4235,Jeff Teague|teaguje01,2010,2021,G,6-3,195.0,June 10 1988,Wake Forest,11,190.5
4240,Garrett Temple|templga01,2010,2021,G,6-5,195.0,May 8 1986,LSU,11,195.58
4253,Daniel Theis|theisda01,2018,2021,C,6-8,245.0,April 4 1992,,3,203.2
4278,Matt Thomas|thomama02,2020,2021,G,6-4,190.0,August 4 1994,Iowa State,1,193.04
4303,Tristan Thompson|thomptr01,2012,2021,F-C,6-9,254.0,March 13 1991,Texas,9,205.74
4310,Sindarius Thornwell|thornsi01,2018,2021,G,6-4,215.0,November 15 1994,South Carolina,3,193.04
4315,Matisse Thybulle|thybuma01,2020,2021,G,6-5,200.0,March 4 1997,Washington,1,195.58
4341,Juan Toscano-Anderson|toscaju01,2020,2021,F,6-6,209.0,April 10 1993,Marquette,1,198.12
4349,Karl-Anthony Towns|townska01,2016,2021,C-F,6-11,248.0,November 15 1995,Kentucky,5,210.82
4355,Gary Trent|trentga02,2019,2021,G,6-5,209.0,January 18 1999,Duke,2,195.58
4371,P.J. Tucker|tuckepj01,2007,2021,F,6-5,245.0,May 5 1985,Texas,14,195.58
4388,Myles Turner|turnemy01,2016,2021,C-F,6-11,250.0,March 24 1996,Texas,5,210.82
4409,Jonas Valančiūnas|valanjo01,2013,2021,C,6-11,265.0,May 6 1992,,8,210.82
4411,Denzel Valentine|valende01,2017,2021,G,6-4,220.0,November 16 1993,Michigan State,4,193.04
4420,Fred VanVleet|vanvlfr01,2017,2021,G,6-1,197.0,February 25 1994,Wichita State,4,185.42000000000002
4423,Jarred Vanderbilt|vandeja01,2019,2021,F,6-9,214.0,April 3 1999,Kentucky,2,205.74
4446,Gabe Vincent|vincega01,2020,2021,G,6-3,200.0,June 14 1996,UC Santa Barbara,1,190.5
4463,Nikola Vučević|vucevni01,2012,2021,C,6-11,260.0,October 24 1990,USC,9,210.82
4467,Dean Wade|wadede01,2020,2021,F,6-9,228.0,November 20 1996,Kansas State,1,205.74
4475,Moritz Wagner|wagnemo01,2019,2021,F-C,6-11,245.0,April 26 1997,Michigan,2,210.82
4490,Kemba Walker|walkeke02,2012,2021,G,6-0,184.0,May 8 1990,UConn,9,182.88
4492,Lonnie Walker|walkelo01,2019,2021,G,6-4,204.0,December 14 1998,Miami (FL),2,193.04
4496,John Wall|walljo01,2011,2021,G,6-3,210.0,September 6 1990,Kentucky,10,190.5
4514,Brad Wanamaker|wanambr01,2019,2021,G,6-3,210.0,July 25 1989,Pitt,2,190.5
4528,T.J. Warren|warretj01,2015,2021,F,6-8,220.0,September 5 1993,NC State,6,203.2
4541,P.J. Washington|washipj01,2020,2021,F,6-7,230.0,August 23 1998,Kentucky,1,200.66
4547,Yuta Watanabe|watanyu01,2019,2021,F,6-9,215.0,October 13 1994,George Washington,2,205.74
4548,Tremont Waters|watertr01,2020,2021,G,5-10,175.0,January 10 1998,LSU,1,177.8
4554,Paul Watson|watsopa01,2020,2021,G,6-6,210.0,December 30 1994,Fresno State,1,198.12
4603,Russell Westbrook|westbru01,2009,2021,G,6-3,200.0,November 12 1988,UCLA,12,190.5
4613,Coby White|whiteco01,2020,2021,G,6-5,195.0,February 16 2000,UNC,1,195.58
4615,Derrick White|whitede01,2018,2021,G,6-4,190.0,July 2 1994,Colorado-Colorado Springs Colorado,3,193.04
4633,Hassan Whiteside|whiteha01,2011,2021,C,7-0,265.0,June 13 1989,Marshall,10,213.36
4643,Andrew Wiggins|wiggian01,2015,2021,F-G,6-7,197.0,February 23 1995,Kansas,6,200.66
4690,Grant Williams|willigr01,2020,2021,F,6-6,236.0,November 30 1998,Tennessee,1,198.12
4706,Kenrich Williams|willike04,2019,2021,G-F,6-6,210.0,December 2 1994,TCU,2,198.12
4709,Lou Williams|willilo02,2006,2021,G,6-1,175.0,October 27 1986,,15,185.42000000000002
4727,Robert Williams|williro04,2019,2021,C-F,6-8,237.0,October 17 1997,Texas A&M,2,203.2
4746,Zion Williamson|willizi01,2020,2021,F-C,6-7,284.0,July 6 2000,Duke,1,200.66
4755,D.J. Wilson|wilsodj01,2018,2021,F,6-10,231.0,February 19 1996,Michigan,3,208.28
4798,Christian Wood|woodch01,2016,2021,F,6-10,214.0,September 27 1995,UNLV,5,208.28
4823,Delon Wright|wrighde01,2016,2021,G,6-5,185.0,April 26 1992,Utah,5,195.58
4854,Thaddeus Young|youngth01,2008,2021,F,6-8,235.0,June 21 1988,Georgia Tech,13,203.2
4856,Trae Young|youngtr01,2019,2021,G,6-1,180.0,September 19 1998,Oklahoma,2,185.42000000000002
4860,Cody Zeller|zelleco01,2014,2021,C-F,6-11,240.0,October 5 1992,Indiana,7,210.82
4876,Ivica Zubac|zubaciv01,2017,2021,C,7-0,240.0,March 18 1997,,4,213.36
